BEGIN TRANSACTION;
DROP TABLE IF EXISTS articleCategory;
DROP TABLE IF EXISTS favourites;
DROP TABLE IF EXISTS comments;
DROP TABLE IF EXISTS articles;
DROP TABLE IF EXISTS users;
DROP TABLE IF EXISTS categories;
CREATE TABLE IF NOT EXISTS "users" (
	"id"	INTEGER NOT NULL,
	"username"	VARCHAR(32) NOT NULL UNIQUE,
	"password"	VARCHAR(50) NOT NULL,
	"fullName"	VARCHAR(126) NOT NULL,
	"DOB"	DATE NOT NULL,
	"description"	VARCHAR(1000),
	"avatar"	VARCHAR(50),
	"authToken"	VARCHAR(128),
	PRIMARY KEY("id")
);
CREATE TABLE IF NOT EXISTS "articles" (
	"id"	INTEGER NOT NULL,
	"title"	VARCHAR(126) NOT NULL,
	"overview"	VARCHAR(200) NOT NULL,
	"content"	TEXT NOT NULL,
	"time"	TIMESTAMP NOT NULL,
	"authorId"	INTEGER NOT NULL,
	FOREIGN KEY("authorId") REFERENCES "users"("id") ON DELETE CASCADE,
	PRIMARY KEY("id")
);
CREATE TABLE IF NOT EXISTS "comments" (
	"id"	INTEGER NOT NULL,
	"content"	VARCHAR(300) NOT NULL,
	"isApproved"	BOOLEAN,
	"time"	TIMESTAMP NOT NULL,
	"articleId"	INTEGER NOT NULL,
	"commentorId"	INTEGER NOT NULL,
	FOREIGN KEY("articleId") REFERENCES "articles"("id"),
	FOREIGN KEY("commentorId") REFERENCES "users"("id") ON DELETE CASCADE,
	PRIMARY KEY("id")
);
CREATE TABLE IF NOT EXISTS "favourites" (
	"userId"	INTEGER NOT NULL,
	"articleId"	INTEGER NOT NULL,
	FOREIGN KEY("userId") REFERENCES "users"("id") ON DELETE CASCADE,
	FOREIGN KEY("articleId") REFERENCES "articles"("id"),
	PRIMARY KEY("userId","articleId")
);
CREATE TABLE IF NOT EXISTS "categories" (
	"id"	INTEGER NOT NULL,
	"name"	varchar(36) NOT NULL,
	PRIMARY KEY("id")
);
CREATE TABLE IF NOT EXISTS "articleCategory" (
	"articleId"	INTEGER NOT NULL,
	"categoryId"	INTEGER NOT NULL,
	FOREIGN KEY("articleId") REFERENCES "articles"("id") ON DELETE CASCADE,
	PRIMARY KEY("articleId","categoryId"),
	FOREIGN KEY("categoryId") REFERENCES "categories"("id")
);
INSERT INTO "users" VALUES (1,'user1','$2b$10$PN2fJccAYIAM9xOLfOognOMBQCRxDaaDSj45btkhtvLd/Mdf/zk4S','Dave Smith','1969-12-25','This is the first user being added to the database as dummy data - the description goes here','/Dog.PNG','7a2519e8-b7d1-43f9-a609-e31f289e51e1');
INSERT INTO "users" VALUES (2,'user2','$2b$10$Z7vBT1NCMJoAKhNvmHLxHepo8IeJ9KLU9BXxyermZvL3b91foFIxG','Maddie Jones','1961-12-20','This is the second user being added to the database as dummy data','/Panda.PNG','dbed44e4-932a-48f6-a0e9-20057fcfbfd6');
INSERT INTO "users" VALUES (3,'user3','$2b$10$XZXzA0Suzfxo7eURxCSr.OBMiGA6K0CbrtKwQzL46S4XhpprfjU62','Joe Stephenson','1972-09-13','This is the third user being added to the database as dummy data','/Bug.PNG','844d62b0-3505-47f3-bd34-d1a8d3c40f06');
INSERT INTO "articles" VALUES (1,'JavaScript: Expectations vs Reality','Javascript article overview goes here','<div id="lipsum">

<p>Lorem ipsum dolor sit amet, consectetur adipiscing elit. Morbi porta malesuada tellus, rhoncus dignissim ex aliquet ut. Nulla quis hendrerit mi. Fusce nec lorem vel augue tincidunt laoreet in ac arcu. Suspendisse eget neque id mauris mattis volutpat non at orci. Etiam pulvinar dignissim risus, et eleifend sem vehicula in. Sed convallis nisi non diam mollis convallis. Quisque pulvinar sollicitudin lacus consequat aliquam. Sed tempus scelerisque facilisis. Mauris eu pulvinar purus, nec efficitur mauris. Nunc vel lorem dui. Nullam dignissim mollis nisl tincidunt eleifend. Suspendisse quis enim et nisi dapibus tempus. Etiam magna neque, fermentum non efficitur ac, ornare quis tellus. Suspendisse sed lectus mauris.</p>

<p>Sed eget eros eget mauris dictum tristique sit amet eu metus. Fusce efficitur lectus non sem lacinia, nec varius risus aliquam. Donec pharetra ligula eget imperdiet dictum. Pellentesque mattis sit amet lorem eu consequat. Duis mollis urna accumsan, scelerisque sapien quis, condimentum neque. Vivamus vehicula sapien nibh, in tempor ante pretium eget. Aenean posuere sit amet nibh vitae ullamcorper. Interdum et malesuada fames ac ante ipsum primis in faucibus. In at pretium dolor.</p>

<p>Mauris id est sit amet nunc imperdiet vulputate nec eu turpis. Nunc eu velit auctor, dictum nulla nec, feugiat quam. Mauris et euismod leo, et lacinia libero. Sed sit amet magna auctor, dictum erat eu, venenatis augue. Vestibulum quis mauris ac odio faucibus ultrices. Phasellus felis urna, condimentum nec sapien vitae, malesuada interdum dui. Proin lacinia ullamcorper turpis, non lobortis odio sagittis nec. Cras sagittis, odio vitae volutpat sollicitudin, nibh nisi aliquet leo, vel commodo diam magna eget justo. Pellentesque eget odio convallis, vehicula lacus sed, molestie urna.</p>

<p>In non enim vel nibh commodo tincidunt. Proin vitae fringilla metus, non imperdiet ante. Aliquam imperdiet laoreet ligula sit amet venenatis. Vivamus ullamcorper orci in ultrices luctus. Aenean congue et sapien in dapibus. Aenean eget arcu id risus fermentum fermentum quis sed erat. Sed sit amet semper eros, eu tempus lacus. Cras mollis velit turpis, ut lacinia diam pretium ac. Integer a tincidunt est. Donec porta eget sem vitae viverra. Ut eleifend tristique enim, ac feugiat mi rutrum non. Pellentesque habitant morbi tristique senectus et netus et malesuada fames ac turpis egestas. Fusce volutpat dictum orci et hendrerit. Quisque dignissim erat vitae tellus tristique, id dictum tortor mollis. Donec scelerisque dui a nibh dictum, nec lobortis purus venenatis. Proin tempor neque quis felis efficitur porttitor.</p>

</div>','2021-11-07 05:52:49',1);
INSERT INTO "articles" VALUES (2,'Will AI rule the world?','Summary about the progress of machine learning and modern AI','<div id="lipsum">

<p>Lorem ipsum dolor sit amet, consectetur adipiscing elit. Morbi porta malesuada tellus, rhoncus dignissim ex aliquet ut. Nulla quis hendrerit mi. Fusce nec lorem vel augue tincidunt laoreet in ac arcu. Suspendisse eget neque id mauris mattis volutpat non at orci. Etiam pulvinar dignissim risus, et eleifend sem vehicula in. Sed convallis nisi non diam mollis convallis. Quisque pulvinar sollicitudin lacus consequat aliquam. Sed tempus scelerisque facilisis. Mauris eu pulvinar purus, nec efficitur mauris. Nunc vel lorem dui. Nullam dignissim mollis nisl tincidunt eleifend. Suspendisse quis enim et nisi dapibus tempus. Etiam magna neque, fermentum non efficitur ac, ornare quis tellus. Suspendisse sed lectus mauris.</p>

<p>Sed eget eros eget mauris dictum tristique sit amet eu metus. Fusce efficitur lectus non sem lacinia, nec varius risus aliquam. Donec pharetra ligula eget imperdiet dictum. Pellentesque mattis sit amet lorem eu consequat. Duis mollis urna accumsan, scelerisque sapien quis, condimentum neque. Vivamus vehicula sapien nibh, in tempor ante pretium eget. Aenean posuere sit amet nibh vitae ullamcorper. Interdum et malesuada fames ac ante ipsum primis in faucibus. In at pretium dolor.</p>

<p>Mauris id est sit amet nunc imperdiet vulputate nec eu turpis. Nunc eu velit auctor, dictum nulla nec, feugiat quam. Mauris et euismod leo, et lacinia libero. Sed sit amet magna auctor, dictum erat eu, venenatis augue. Vestibulum quis mauris ac odio faucibus ultrices. Phasellus felis urna, condimentum nec sapien vitae, malesuada interdum dui. Proin lacinia ullamcorper turpis, non lobortis odio sagittis nec. Cras sagittis, odio vitae volutpat sollicitudin, nibh nisi aliquet leo, vel commodo diam magna eget justo. Pellentesque eget odio convallis, vehicula lacus sed, molestie urna.</p>

<p>In non enim vel nibh commodo tincidunt. Proin vitae fringilla metus, non imperdiet ante. Aliquam imperdiet laoreet ligula sit amet venenatis. Vivamus ullamcorper orci in ultrices luctus. Aenean congue et sapien in dapibus. Aenean eget arcu id risus fermentum fermentum quis sed erat. Sed sit amet semper eros, eu tempus lacus. Cras mollis velit turpis, ut lacinia diam pretium ac. Integer a tincidunt est. Donec porta eget sem vitae viverra. Ut eleifend tristique enim, ac feugiat mi rutrum non. Pellentesque habitant morbi tristique senectus et netus et malesuada fames ac turpis egestas. Fusce volutpat dictum orci et hendrerit. Quisque dignissim erat vitae tellus tristique, id dictum tortor mollis. Donec scelerisque dui a nibh dictum, nec lobortis purus venenatis. Proin tempor neque quis felis efficitur porttitor.</p>

</div>','2021-11-07 05:53:50',1);
INSERT INTO "articles" VALUES (3,'Hopefully there''s no mistakes!','I hadn''t tested this yet, but now I have :)','<div id="lipsum">

<p>Lorem ipsum dolor sit amet, consectetur adipiscing elit. Morbi porta malesuada tellus, rhoncus dignissim ex aliquet ut. Nulla quis hendrerit mi. Fusce nec lorem vel augue tincidunt laoreet in ac arcu. Suspendisse eget neque id mauris mattis volutpat non at orci. Etiam pulvinar dignissim risus, et eleifend sem vehicula in. Sed convallis nisi non diam mollis convallis. Quisque pulvinar sollicitudin lacus consequat aliquam. Sed tempus scelerisque facilisis. Mauris eu pulvinar purus, nec efficitur mauris. Nunc vel lorem dui. Nullam dignissim mollis nisl tincidunt eleifend. Suspendisse quis enim et nisi dapibus tempus. Etiam magna neque, fermentum non efficitur ac, ornare quis tellus. Suspendisse sed lectus mauris.</p>

<p>Sed eget eros eget mauris dictum tristique sit amet eu metus. Fusce efficitur lectus non sem lacinia, nec varius risus aliquam. Donec pharetra ligula eget imperdiet dictum. Pellentesque mattis sit amet lorem eu consequat. Duis mollis urna accumsan, scelerisque sapien quis, condimentum neque. Vivamus vehicula sapien nibh, in tempor ante pretium eget. Aenean posuere sit amet nibh vitae ullamcorper. Interdum et malesuada fames ac ante ipsum primis in faucibus. In at pretium dolor.</p>

<p>Mauris id est sit amet nunc imperdiet vulputate nec eu turpis. Nunc eu velit auctor, dictum nulla nec, feugiat quam. Mauris et euismod leo, et lacinia libero. Sed sit amet magna auctor, dictum erat eu, venenatis augue. Vestibulum quis mauris ac odio faucibus ultrices. Phasellus felis urna, condimentum nec sapien vitae, malesuada interdum dui. Proin lacinia ullamcorper turpis, non lobortis odio sagittis nec. Cras sagittis, odio vitae volutpat sollicitudin, nibh nisi aliquet leo, vel commodo diam magna eget justo. Pellentesque eget odio convallis, vehicula lacus sed, molestie urna.</p>

<p>In non enim vel nibh commodo tincidunt. Proin vitae fringilla metus, non imperdiet ante. Aliquam imperdiet laoreet ligula sit amet venenatis. Vivamus ullamcorper orci in ultrices luctus. Aenean congue et sapien in dapibus. Aenean eget arcu id risus fermentum fermentum quis sed erat. Sed sit amet semper eros, eu tempus lacus. Cras mollis velit turpis, ut lacinia diam pretium ac. Integer a tincidunt est. Donec porta eget sem vitae viverra. Ut eleifend tristique enim, ac feugiat mi rutrum non. Pellentesque habitant morbi tristique senectus et netus et malesuada fames ac turpis egestas. Fusce volutpat dictum orci et hendrerit. Quisque dignissim erat vitae tellus tristique, id dictum tortor mollis. Donec scelerisque dui a nibh dictum, nec lobortis purus venenatis. Proin tempor neque quis felis efficitur porttitor.</p>

</div>','2021-11-07 05:55:21',1);
INSERT INTO "articles" VALUES (4,'How COVID-19 Changed Everything','Something about COVID (Because it wouldn''t be 2021 without something about covid right??)','<span id="selectable"><span class="tooltiplink" title="By: Jessica Pruitt">Nyaa nyaa</span> <span class="tooltiplink" title="By: James Crooke">leave hair on owner''s clothes</span> <span class="tooltiplink" title="By: Anonymous ">human is in bath tub, emergency! drowning! meooowww!</span> yet <span class="tooltiplink" title="By: Anonymous ">jump on counter removed by human jump on counter again removed by human meow before jumping on counter this time to let the human know am coming back</span>. <span class="tooltiplink" title="By: Claire Carton">No, you can''t close the door, i haven''t decided whether or not i wanna go out</span>. <span class="tooltiplink" title="By: Anonymous ">Eats owners hair then claws head</span> <span class="tooltiplink" title="By: Anonymous ">always hungry</span> or <span class="tooltiplink" title="By: Anonymous ">stuff and things</span> <span class="tooltiplink" title="By: Anonymous ">love fish</span> <span class="tooltiplink" title="By: Anonymous ">cough</span>. <span class="tooltiplink" title="By: Anonymous ">Why can''t i catch that stupid red dot</span>. <span class="tooltiplink" title="By: Anonymous ">Cough furball into food bowl then scratch owner for a new one</span> <span class="tooltiplink" title="By: Benn King">slap the dog because cats rule</span> or <span class="tooltiplink" title="By: Anonymous ">paw at your fat belly</span> yet <span class="tooltiplink" title="By: Anonymous ">one of these days i''m going to get that red dot, just you wait and see </span> <span class="tooltiplink" title="By: Anonymouse Furr">kitty time</span>. <span class="tooltiplink" title="By: Anonymous ">I heard this rumor where the humans are our owners, pfft, what do they know?!</span> <span class="tooltiplink" title="By: Anonymous ">has closed eyes but still sees you</span> <span class="tooltiplink" title="By: Anonymous ">meow loudly just to annoy owners</span> yet <span class="tooltiplink" title="By: John Nutini">meow meow, i tell my human</span>. <span class="tooltiplink" title="By: Tpa ">Swipe at owner''s legs</span> <span class="tooltiplink" title="By: Anonymous ">stare at ceiling light</span> <span class="tooltiplink" title="By: Anonymous ">climb a tree, wait for a fireman jump to fireman then scratch his face</span> <span class="tooltiplink" title="By: Anonymous ">knock over christmas tree</span> <span class="tooltiplink" title="By: Anonymous ">attack curtains</span> so <span class="tooltiplink" title="By: Ayla Markkula">human give me attention meow</span>. <span class="tooltiplink" title="By: Anonymous ">I is playing on your console hooman</span> <span class="tooltiplink" title="By: Dragontamer 5629">get scared by doggo also cucumerro </span> for <span class="tooltiplink" title="By: Anonymous ">fall asleep upside-down</span>. <span class="tooltiplink" title="By: Anonymous ">Found somthing move i bite it tail</span> <span class="tooltiplink" title="By: Anonymous ">weigh eight pounds but take up a full-size bed</span> so <span class="tooltiplink" title="By: Anonymous ">mewl for food at 4am</span> or <span class="tooltiplink" title="By: Anonymous ">snuggles up to shoulders or knees and purrs you to sleep</span> <span class="tooltiplink" title="By: Anonymous ">meow</span>. <span class="tooltiplink" title="By: Anonymous ">Sit on the laptop</span> <span class="tooltiplink" title="By: Cattos Awesome">&eth;&bull;&bdquo;&eth;&rdquo;&frac14;&eth;&bull;&dagger;&eth;&bull;Ž</span> <span class="tooltiplink" title="By: Anonymous ">plop down in the middle where everybody walks</span> or <span class="tooltiplink" title="By: Anonymous ">eat plants, meow, and throw up because i ate plants</span> <span class="tooltiplink" title="By: Anonymous ">i is playing on your console hooman</span> <span class="tooltiplink" title="By: Anonymous ">loves cheeseburgers</span> <span class="tooltiplink" title="By: Paul Boldijar">do i like standing on litter cuz i sits when i have spaces, my cat buddies have no litter i live in luxury cat life</span>. <span class="tooltiplink" title="By: Anonymous ">Cat cat moo moo lick ears lick paws</span> <span class="tooltiplink" title="By: Anonymous ">chase ball of string</span>, <span class="tooltiplink" title="By: Anonymous ">meow</span> or <span class="tooltiplink" title="By: Llb Comics">scamper</span> <span class="tooltiplink" title="By: Anonymous ">shred all toilet paper and spread around the house</span> and <span class="tooltiplink" title="By: Anonymous ">attack the child</span> <span class="tooltiplink" title="By: Carli Wendel">side-eyes your "jerk" other hand while being petted </span>. <span class="tooltiplink" title="By: Anonymous ">Knock over christmas tree</span> under the bed, <span class="tooltiplink" title="By: Anonymous ">go crazy with excitement when plates are clanked together signalling the arrival of cat food</span> <span class="tooltiplink" title="By: Anonymous ">catto munch salmono</span> <span class="tooltiplink" title="By: Anonymous ">refuse to come home when humans are going to bed; stay out all night then yowl like i am dying at 4am</span> or <span class="tooltiplink" title="By: Anonymous ">sniff all the things</span>. <span class="tooltiplink" title="By: Anonymous ">Run as fast as i can into another room for no reason</span>. <br /><br /><span class="tooltiplink" title="By: Anonymous ">Snuggles up to shoulders or knees and purrs you to sleep</span> <span class="tooltiplink" title="By: Anonymous ">get suspicious of own shadow then go play with toilette paper</span>. <span class="tooltiplink" title="By: Anonymous ">Rub against owner because nose is wet</span> <span class="tooltiplink" title="By: Anonymous ">find a way to fit in tiny box</span> <span class="tooltiplink" title="By: Anonymous ">cough</span>. <span class="tooltiplink" title="By: Anonymous ">Open the door, let me out, let me out, let me-out, let me-aow, let meaow, meaow!</span> <span class="tooltiplink" title="By: Anonymous ">grab pompom in mouth and put in water dish</span> yet <span class="tooltiplink" title="By: Anonymous ">lies down </span> <span class="tooltiplink" title="By: Anonymous ">find empty spot in cupboard and sleep all day</span> <span class="tooltiplink" title="By: Anonymous ">rub butt on table</span>. <span class="tooltiplink" title="By: Anonymous ">Have a lot of grump in yourself because you can''t forget to be grumpy and not be like king grumpy cat</span> <span class="tooltiplink" title="By: Anonymous ">my slave human didn''t give me any food so i pooped on the floor</span> for <span class="tooltiplink" title="By: Anonymous ">so you''re just gonna scroll by without saying meowdy?</span>. <span class="tooltiplink" title="By: Anonymous ">Grab pompom in mouth and put in water dish</span> <span class="tooltiplink" title="By: The ">hate dogs</span> <span class="tooltiplink" title="By: Anonymous ">catch small lizards, bring them into house, then unable to find them on carpet</span> for <span class="tooltiplink" title="By: Babs Saul">curl up and sleep on the freshly laundered towels</span> but <span class="tooltiplink" title="By: Anonymous ">groom yourself 4 hours - checked, have your beauty sleep 18 hours - checked, be fabulous for the rest of the day - checked</span> <span class="tooltiplink" title="By: Anonymous ">rub my belly hiss</span>. <span class="tooltiplink" title="By: Anonymous ">X</span> <span class="tooltiplink" title="By: Anonymous ">x</span> <span class="tooltiplink" title="By: Anonymous ">i&acirc;&euro;&trade;m so hungry i&acirc;&euro;&trade;m so hungry but ew not for that </span> for <span class="tooltiplink" title="By: Anonymous ">prance along on top of the garden fence, annoy the neighbor''s dog and make it bark</span> yet <span class="tooltiplink" title="By: Fae ">refuse to drink water except out of someone''s glass</span>. <span class="tooltiplink" title="By: Anonymous ">Car rides are evil</span> <span class="tooltiplink" title="By: Rhiatulip Jiaeng">cat jumps and falls onto the couch purrs and wakes up in a new dimension filled with kitty litter meow meow yummy there is a bunch of cats hanging around eating catnip </span> or <span class="tooltiplink" title="By: Anonymous ">scratch the furniture</span>, <span class="tooltiplink" title="By: Anonymous ">nyan nyan goes the cat, scraaaaape scraaaape goes the walls when the cat murders them with its claws</span> <span class="tooltiplink" title="By: Andie Bee">try to jump onto window and fall while scratching at wall</span> <span class="tooltiplink" title="By: Anonymous ">lick sellotape</span>. <span class="tooltiplink" title="By: Anonymous ">Lick the other cats</span> find something else more interesting, yet <span class="tooltiplink" title="By: Anonymous ">stand in doorway, unwilling to chose whether to stay in or go out</span> and <span class="tooltiplink" title="By: Anonymous ">howl on top of tall thing</span> but <span class="tooltiplink" title="By: Anonymous ">chase laser</span> <span class="tooltiplink" title="By: Anonymous ">you have cat to be kitten me right meow</span> <span class="tooltiplink" title="By: Anonymous ">kitty kitty pussy cat doll</span>. <span class="tooltiplink" title="By: Abcdefghijklmnopqrstuvwx-asdfghjkl ">Bite off human''s toes</span>. <span class="tooltiplink" title="By: Victoria Steele">Cough hairball on conveniently placed pants</span> <span class="tooltiplink" title="By: Anonymous ">don''t nosh on the birds</span>. <span class="tooltiplink" title="By: Peace Yin">Cry louder at reflection</span> <span class="tooltiplink" title="By: Anonymous ">plop down in the middle where everybody walks</span> <span class="tooltiplink" title="By: A Sleeping">mess up all the toilet paper</span> <span class="tooltiplink" title="By: Anonymous ">i am the best</span>. <span class="tooltiplink" title="By: Ricardo Vargas">This human feeds me, i should be a god</span> <span class="tooltiplink" title="By: Cattos Awesome">skid on floor, crash into wall </span>. <span class="tooltiplink" title="By: Natalie Carr">Scratch at door to be let outside, get let out then scratch at door immmediately after to be let back in</span> <span class="tooltiplink" title="By: Anonymous ">funny little cat chirrup noise shaking upright tail when standing next to you</span> so <span class="tooltiplink" title="By: Anonymous ">nyan nyan goes the cat, scraaaaape scraaaape goes the walls when the cat murders them with its claws</span>. <span class="tooltiplink" title="By: Anonymous ">Pet me pet me pet me pet me, bite, scratch, why are you petting me</span> <span class="tooltiplink" title="By: Anonymous ">touch water with paw then recoil in horror</span> so <span class="tooltiplink" title="By: Anonymous ">cats woo</span> find something else more interesting. <span class="tooltiplink" title="By: Anonymous ">Dismember a mouse and then regurgitate parts of it on the family room floor</span> <span class="tooltiplink" title="By: Cattos Awesome">skid on floor, crash into wall </span> or <span class="tooltiplink" title="By: Anonymous ">whenever a door is opened, rush in before the human</span>. <span class="tooltiplink" title="By: Anonymous ">Licks your face</span> <span class="tooltiplink" title="By: Anonymous ">chew master''s slippers</span> and <span class="tooltiplink" title="By: Anonymous ">gnaw the corn cob</span> and <span class="tooltiplink" title="By: Anonymous ">licks paws</span> <span class="tooltiplink" title="By: Anonymous ">toy mouse squeak roll over</span>. <span class="tooltiplink" title="By: Anonymous ">I can haz</span> <span class="tooltiplink" title="By: Anonymous ">claws in the eye of the beholder</span> but <span class="tooltiplink" title="By: Smitty ">i''m going to lap some water out of my master''s cup meow</span> so <span class="tooltiplink" title="By: Anonymous ">meow loudly just to annoy owners</span>. <br /><br /><span class="tooltiplink" title="By: The ">Hate dogs</span> <span class="tooltiplink" title="By: Anonymous ">chirp at birds</span> and <span class="tooltiplink" title="By: Anonymous ">run as fast as i can into another room for no reason</span> sleep on keyboard. <span class="tooltiplink" title="By: Anonymous ">As lick i the shoes</span> <span class="tooltiplink" title="By: Pika Tchou">meowing non stop for food</span> and <span class="tooltiplink" title="By: Anonymous ">walk on car leaving trail of paw prints on hood and windshield</span> for <span class="tooltiplink" title="By: Anonymous ">stare at owner accusingly then wink</span> or <span class="tooltiplink" title="By: Anonymous ">sleep all day whilst slave is at work, play all night whilst slave is sleeping</span> so <span class="tooltiplink" title="By: Teresa Cake">cats making all the muffins</span>. <span class="tooltiplink" title="By: Anonymous ">Refuse to come home when humans are going to bed; stay out all night then yowl like i am dying at 4am</span> <span class="tooltiplink" title="By: Anonymous ">get away from me stupid dog</span> <span class="tooltiplink" title="By: Jardine Chapman">cats go for world domination</span> so <span class="tooltiplink" title="By: Lacey Lurz">lick human with sandpaper tongue</span> yet hide when guests come over <span class="tooltiplink" title="By: Anonymous ">refuse to come home when humans are going to bed; stay out all night then yowl like i am dying at 4am</span>. <span class="tooltiplink" title="By: Anonymous ">Munch on tasty moths</span> <span class="tooltiplink" title="By: Anonymous ">instantly break out into full speed gallop across the house for no reason</span> and <span class="tooltiplink" title="By: Anonymous ">cat playing a fiddle in hey diddle diddle?</span> <span class="tooltiplink" title="By: Anonymous ">destroy house in 5 seconds</span> for <span class="tooltiplink" title="By: Anonymous ">sleep everywhere, but not in my bed</span>. <span class="tooltiplink" title="By: Anonymous ">Sniff catnip and act crazy</span> <span class="tooltiplink" title="By: Anonymous ">swat turds around the house</span>. <span class="tooltiplink" title="By: Anonymous ">Please let me outside pouty face yay! wait, it''s cold out please let me inside pouty face oh, thank you rub against mommy''s leg oh it looks so nice out, please let me outside again the neighbor cat was mean to me please let me back inside</span> <span class="tooltiplink" title="By: Anonymous ">with tail in the air</span> <span class="tooltiplink" title="By: Anonymous ">catch small lizards, bring them into house, then unable to find them on carpet</span> so <span class="tooltiplink" title="By: James ">hack up furballs</span> <span class="tooltiplink" title="By: Anonymous ">scratch at the door then walk away</span> <span class="tooltiplink" title="By: Anonymous ">chase ball of string</span> for <span class="tooltiplink" title="By: Nathan Carter">if it fits, i sits</span>. <span class="tooltiplink" title="By: Anonymouse Furr">Eat fish on floor</span> hide when guests come over, <span class="tooltiplink" title="By: Anonymous ">slap kitten brother with paw</span> yet <span class="tooltiplink" title="By: Anonymous ">get suspicious of own shadow then go play with toilette paper</span> <span class="tooltiplink" title="By: Anonymous ">make plans to dominate world and then take a nap</span> but <span class="tooltiplink" title="By: Abcdefghijklmnopqrstuvwx-asdfghjkl ">bite off human''s toes</span> <span class="tooltiplink" title="By: Anonymous ">flee in terror at cucumber discovered on floor</span>. <br /></span>','2021-11-07 05:57:51',2);
INSERT INTO "articles" VALUES (5,'Running out of ideas?','Hopefully this article will give you some fresh inspiration about coding, and what to put in a blog','<div id="lipsum">

<p>Lorem ipsum dolor sit amet, consectetur adipiscing elit. Suspendisse gravida, lectus quis fringilla porta, purus lacus sollicitudin lectus, non lacinia libero nunc id elit. Pellentesque molestie ex erat, non egestas massa feugiat eget. Proin in ultricies mi. Proin malesuada magna dui, ut tempor elit mattis ut. Fusce egestas odio eros, nec finibus dui pulvinar eu. Morbi venenatis, quam a dictum eleifend, massa leo ornare dolor, at ornare eros lorem eget eros. Fusce sapien nisi, auctor sit amet diam eget, posuere vestibulum mauris. Donec quis tellus at velit condimentum fringilla. Vivamus neque nunc, condimentum ut nibh et, consectetur placerat mauris. Praesent laoreet feugiat eros, a consequat dolor tempor vitae.</p>

<p>Fusce porta sem nec lectus convallis volutpat. Nulla sagittis purus a elit tempus, vitae euismod nibh viverra. Nulla facilisi. Etiam pellentesque elit libero, id tincidunt odio fermentum nec. Cras id pharetra tortor. Etiam egestas nulla nec ex imperdiet, in posuere eros laoreet. Nulla vitae nisl viverra, porttitor odio et, pharetra ante. Quisque vel tellus quis turpis aliquam interdum ut vel neque. Sed vestibulum quam ipsum, nec fringilla sem iaculis et. Sed est dolor, rhoncus eget lorem vel, consequat imperdiet augue.</p>

<p>Sed sapien magna, mollis in faucibus in, elementum ac lacus. Nulla vitae dignissim orci. Nullam quis quam at lorem elementum finibus. Ut et dapibus lacus, sit amet efficitur sapien. Integer eu fermentum purus, vel laoreet metus. In efficitur, lorem et consectetur tristique, diam justo sollicitudin orci, non pretium dui sapien a lorem. Nullam ut metus at ligula sodales euismod commodo vitae eros. Cras pharetra laoreet purus vel vestibulum. Aliquam egestas ante feugiat lacinia fringilla. Vivamus eu mauris fringilla, consequat mauris eget, ultrices libero. Aliquam imperdiet libero consequat erat volutpat, eu tristique enim ultrices. Maecenas vel libero scelerisque, volutpat mauris ut, cursus libero. Morbi faucibus massa placerat, pretium erat ac, viverra nulla. Duis maximus gravida nulla a aliquet. Curabitur sit amet sodales erat, eget finibus diam. Suspendisse nec porttitor sem, vel porttitor quam.</p>

</div>','2021-11-07 05:59:44',2);
INSERT INTO "articles" VALUES (6,'Something non-coding related','This is about something other than coding (is there even such a thing?)','<div id="lipsum">

<p>Lorem ipsum dolor sit amet, consectetur adipiscing elit. Suspendisse gravida, lectus quis fringilla porta, purus lacus sollicitudin lectus, non lacinia libero nunc id elit. Pellentesque molestie ex erat, non egestas massa feugiat eget. Proin in ultricies mi. Proin malesuada magna dui, ut tempor elit mattis ut. Fusce egestas odio eros, nec finibus dui pulvinar eu. Morbi venenatis, quam a dictum eleifend, massa leo ornare dolor, at ornare eros lorem eget eros. Fusce sapien nisi, auctor sit amet diam eget, posuere vestibulum mauris. Donec quis tellus at velit condimentum fringilla. Vivamus neque nunc, condimentum ut nibh et, consectetur placerat mauris. Praesent laoreet feugiat eros, a consequat dolor tempor vitae.</p>

<p>Fusce porta sem nec lectus convallis volutpat. Nulla sagittis purus a elit tempus, vitae euismod nibh viverra. Nulla facilisi. Etiam pellentesque elit libero, id tincidunt odio fermentum nec. Cras id pharetra tortor. Etiam egestas nulla nec ex imperdiet, in posuere eros laoreet. Nulla vitae nisl viverra, porttitor odio et, pharetra ante. Quisque vel tellus quis turpis aliquam interdum ut vel neque. Sed vestibulum quam ipsum, nec fringilla sem iaculis et. Sed est dolor, rhoncus eget lorem vel, consequat imperdiet augue.</p>

<p>Sed sapien magna, mollis in faucibus in, elementum ac lacus. Nulla vitae dignissim orci. Nullam quis quam at lorem elementum finibus. Ut et dapibus lacus, sit amet efficitur sapien. Integer eu fermentum purus, vel laoreet metus. In efficitur, lorem et consectetur tristique, diam justo sollicitudin orci, non pretium dui sapien a lorem. Nullam ut metus at ligula sodales euismod commodo vitae eros. Cras pharetra laoreet purus vel vestibulum. Aliquam egestas ante feugiat lacinia fringilla. Vivamus eu mauris fringilla, consequat mauris eget, ultrices libero. Aliquam imperdiet libero consequat erat volutpat, eu tristique enim ultrices. Maecenas vel libero scelerisque, volutpat mauris ut, cursus libero. Morbi faucibus massa placerat, pretium erat ac, viverra nulla. Duis maximus gravida nulla a aliquet. Curabitur sit amet sodales erat, eget finibus diam. Suspendisse nec porttitor sem, vel porttitor quam.</p>

</div>','2021-11-07 06:00:57',3);
INSERT INTO "articles" VALUES (7,'This weeks top NPM modules','What are the most used modules of this week - see more here!','<div id="lipsum">

<p>Lorem ipsum dolor sit amet, consectetur adipiscing elit. Suspendisse gravida, lectus quis fringilla porta, purus lacus sollicitudin lectus, non lacinia libero nunc id elit. Pellentesque molestie ex erat, non egestas massa feugiat eget. Proin in ultricies mi. Proin malesuada magna dui, ut tempor elit mattis ut. Fusce egestas odio eros, nec finibus dui pulvinar eu. Morbi venenatis, quam a dictum eleifend, massa leo ornare dolor, at ornare eros lorem eget eros. Fusce sapien nisi, auctor sit amet diam eget, posuere vestibulum mauris. Donec quis tellus at velit condimentum fringilla. Vivamus neque nunc, condimentum ut nibh et, consectetur placerat mauris. Praesent laoreet feugiat eros, a consequat dolor tempor vitae.</p>

<p>Fusce porta sem nec lectus convallis volutpat. Nulla sagittis purus a elit tempus, vitae euismod nibh viverra. Nulla facilisi. Etiam pellentesque elit libero, id tincidunt odio fermentum nec. Cras id pharetra tortor. Etiam egestas nulla nec ex imperdiet, in posuere eros laoreet. Nulla vitae nisl viverra, porttitor odio et, pharetra ante. Quisque vel tellus quis turpis aliquam interdum ut vel neque. Sed vestibulum quam ipsum, nec fringilla sem iaculis et. Sed est dolor, rhoncus eget lorem vel, consequat imperdiet augue.</p>

<p>Sed sapien magna, mollis in faucibus in, elementum ac lacus. Nulla vitae dignissim orci. Nullam quis quam at lorem elementum finibus. Ut et dapibus lacus, sit amet efficitur sapien. Integer eu fermentum purus, vel laoreet metus. In efficitur, lorem et consectetur tristique, diam justo sollicitudin orci, non pretium dui sapien a lorem. Nullam ut metus at ligula sodales euismod commodo vitae eros. Cras pharetra laoreet purus vel vestibulum. Aliquam egestas ante feugiat lacinia fringilla. Vivamus eu mauris fringilla, consequat mauris eget, ultrices libero. Aliquam imperdiet libero consequat erat volutpat, eu tristique enim ultrices. Maecenas vel libero scelerisque, volutpat mauris ut, cursus libero. Morbi faucibus massa placerat, pretium erat ac, viverra nulla. Duis maximus gravida nulla a aliquet. Curabitur sit amet sodales erat, eget finibus diam. Suspendisse nec porttitor sem, vel porttitor quam.</p>

</div>','2021-11-07 06:02:30',3);
INSERT INTO "articles" VALUES (8,'I''m out of ideas','Coming up with 10 dummy articles is not always as easy as it seems','<div id="lipsum">

<p>Lorem ipsum dolor sit amet, consectetur adipiscing elit. In pulvinar iaculis lectus, quis elementum lectus luctus a. Aliquam pellentesque leo nec porttitor facilisis. Pellentesque sit amet tincidunt erat, sit amet egestas felis. Sed cursus lectus eros, eu bibendum eros scelerisque ac. Etiam suscipit orci neque, et ornare lectus sagittis in. Mauris tristique nunc sit amet magna iaculis, eu vulputate libero lobortis. Mauris fringilla vitae mi in imperdiet. Cras rhoncus neque faucibus, condimentum justo vitae, sagittis velit. Duis varius blandit maximus. Donec auctor vehicula mauris eget blandit. Phasellus dignissim, massa quis eleifend porttitor, nibh est feugiat sapien, sed condimentum felis lectus et nisi. Phasellus hendrerit finibus ipsum sit amet feugiat. Aliquam in lacinia mi. Sed in elit mi. Mauris et nisi in leo dictum egestas. Donec nisl orci, tincidunt sit amet risus vel, elementum ultricies erat.</p>

<p>Duis congue velit eu mi consectetur finibus. Nullam suscipit ligula odio, vitae posuere metus fermentum elementum. Donec porta justo et vulputate tincidunt. Praesent scelerisque blandit sollicitudin. Morbi mattis massa et risus posuere, quis hendrerit ex tristique. Morbi semper arcu id justo sagittis imperdiet. Nulla ut magna dolor. Quisque id varius eros, sit amet feugiat purus.</p>

<p>Vestibulum dignissim lacus id tellus hendrerit interdum. Nullam laoreet sollicitudin est. Integer elit turpis, consequat et lacus ac, finibus facilisis ipsum. Morbi mi odio, congue in finibus nec, pulvinar porta mi. Nullam egestas a quam et rutrum. Maecenas hendrerit est in metus egestas lobortis. Sed posuere, justo a condimentum pretium, magna orci posuere urna, nec sagittis metus odio et diam. Morbi venenatis viverra mollis. Pellentesque faucibus aliquet iaculis. Pellentesque tristique ante eget erat placerat sodales. Vivamus a leo nunc. Vestibulum eu aliquet quam, id fringilla mi. Nullam turpis leo, ultrices eu massa at, aliquet imperdiet libero.</p>

</div>','2021-11-07 06:03:18',3);
INSERT INTO "articles" VALUES (9,'Nearly at the last one','These aren''t being changed later - they''re here to stay.','<div id="lipsum">

<p>Lorem ipsum dolor sit amet, consectetur adipiscing elit. Pellentesque malesuada lobortis massa eget blandit. Aenean et tellus mauris. Pellentesque habitant morbi tristique senectus et netus et malesuada fames ac turpis egestas. Donec auctor lacinia gravida. Quisque gravida luctus lorem. Proin ac egestas dui, nec vehicula sapien. Quisque pretium ante id efficitur venenatis. Nulla vel nulla ac lorem tristique fermentum quis eu diam. Vestibulum ante ipsum primis in faucibus orci luctus et ultrices posuere cubilia curae; Nam ut venenatis leo. Curabitur vitae eleifend nunc. Integer sit amet semper sapien. Phasellus non neque tincidunt, varius metus eu, commodo dolor. Nullam fermentum tempor ligula ut consectetur. Vivamus lobortis eros vel elit faucibus, id sagittis risus facilisis. Nunc quis nulla feugiat, egestas odio eu, auctor purus.</p>

<p>Aliquam auctor efficitur elementum. Vivamus accumsan quam vestibulum, porta est eu, dignissim leo. Nunc pretium mi a scelerisque viverra. Phasellus semper pellentesque orci sit amet dapibus. Maecenas eget facilisis libero. Etiam elementum quam sit amet hendrerit semper. Nunc dapibus fringilla euismod. Nullam risus lectus, volutpat vitae nulla ut, lacinia dictum purus. Proin vel dolor placerat, finibus leo vel, iaculis ligula. Mauris diam magna, euismod eget elit vel, imperdiet dapibus velit. Vestibulum lacus est, aliquam at erat ac, facilisis viverra quam. Duis sodales arcu eu auctor tincidunt. Etiam tincidunt ultricies ante eget commodo. Cras gravida urna vitae purus dapibus venenatis sit amet nec turpis. Proin congue nibh at purus dapibus, et imperdiet libero porta. Vivamus ut dolor scelerisque, fermentum diam sit amet, dictum mi.</p>

<p>Duis vulputate lacus tellus, a fringilla mauris mollis non. Ut et sollicitudin felis. Donec finibus et lacus at lobortis. Integer convallis massa vitae congue sodales. Nam porttitor nisi ac risus molestie tempor. Aliquam eu risus egestas, tempor ipsum ultrices, vestibulum nisl. In mauris diam, mollis at enim nec, egestas accumsan ante. Duis at erat turpis. Vestibulum nisl arcu, accumsan in lorem nec, hendrerit aliquam risus. Duis vitae magna ut ipsum ornare eleifend. Duis nulla orci, pharetra vel ex nec, porta rutrum magna. Curabitur vel faucibus neque.</p>

</div>','2021-11-07 06:04:10',3);
INSERT INTO "articles" VALUES (10,'Managing Merge Conflicts on Github','Find out about how to manage merge conflicts in your group projects!','<div id="lipsum">

<p>Lorem ipsum dolor sit amet, consectetur adipiscing elit. Vestibulum ac egestas orci. Sed a eros nec urna vestibulum lacinia eget imperdiet nisl. Nunc suscipit quam eget ex elementum, vel ultrices tellus vehicula. Proin euismod a enim sit amet porta. Curabitur dictum lorem sit amet enim semper iaculis. Integer pharetra augue ac turpis vehicula, id consequat metus rutrum. Proin et orci lobortis, euismod purus non, rhoncus diam. In vitae massa imperdiet, varius odio ut, blandit nibh. Mauris aliquet eros at ante suscipit, malesuada commodo urna pharetra. Maecenas at ultrices leo, vel commodo justo. Praesent porta massa lorem, ut hendrerit lorem porttitor ut. Vestibulum a libero felis. Pellentesque dignissim laoreet leo sed ullamcorper.</p>

<p>Pellentesque at diam mauris. Etiam vel nisl sem. Integer ex enim, tristique quis imperdiet non, faucibus et sapien. Fusce vestibulum nisl a ipsum semper faucibus vitae ac purus. Fusce vel blandit dui, sed volutpat ante. Nulla maximus ex risus, vitae imperdiet turpis eleifend sit amet. Suspendisse tristique tristique nisl, in tincidunt quam mollis et. Sed eget luctus sem. Cras massa est, auctor ac fermentum in, gravida congue metus. Vivamus at metus eget metus egestas finibus. Sed id elit suscipit lectus suscipit congue eu ac magna.</p>

<p>Mauris lobortis faucibus justo, sit amet finibus ex maximus vel. Proin tincidunt tellus dignissim leo dictum ultricies. Integer varius urna diam, vitae tempor lectus viverra eget. Etiam non est magna. Donec volutpat diam eget cursus sodales. Aenean quis urna ut ligula vulputate cursus. Interdum et malesuada fames ac ante ipsum primis in faucibus. Ut felis nulla, consequat ut suscipit in, aliquam eget arcu. Vivamus nec mi metus. In vitae mi arcu. Nullam porta risus consectetur quam luctus ultrices.</p>


</div>','2021-11-07 06:05:05',3);
INSERT INTO "comments" VALUES (1,'Wow - well done on having this working!',1,'2021-11-07 05:56:17',3,2);
INSERT INTO "comments" VALUES (2,'Incredible',1,'2021-11-07 06:01:19',3,3);
INSERT INTO "comments" VALUES (3,'Nice! I have so many ideas now!',1,'2021-11-07 06:01:35',5,3);
INSERT INTO "comments" VALUES (4,'Forgot to mention another idea..',1,'2021-11-07 06:01:49',5,3);
INSERT INTO "comments" VALUES (5,'These are some great points',1,'2021-11-07 06:05:56',4,3);
INSERT INTO "comments" VALUES (6,'This was a very helpful article! Merge conflicts are so annoying..',1,'2021-11-07 06:06:58',10,1);
INSERT INTO "comments" VALUES (7,'Interesting take.',1,'2021-11-07 06:07:13',6,1);
INSERT INTO "comments" VALUES (8,'Thanks guys! - Appreciate it',1,'2021-11-07 06:07:51',3,1);
INSERT INTO "comments" VALUES (9,'These are so helpful - I will definitely use bcrypt in my next project - great demonstration too Joe!',1,'2021-11-07 06:09:01',7,1);
INSERT INTO "comments" VALUES (10,'I agree - very helpful',1,'2021-11-07 06:09:51',10,2);
INSERT INTO "comments" VALUES (11,'Also - did you just favourite your own article??',1,'2021-11-07 06:10:22',10,2);
INSERT INTO "comments" VALUES (12,'Yes Maddie I did - that is something you can do on this website!',1,'2021-11-07 06:11:20',10,3);
INSERT INTO "comments" VALUES (13,'Oh awesome! - I might do the same ;)',1,'2021-11-07 06:12:10',10,2);
INSERT INTO "favourites" VALUES (1,2);
INSERT INTO "favourites" VALUES (2,3);
INSERT INTO "favourites" VALUES (2,2);
INSERT INTO "favourites" VALUES (3,10);
INSERT INTO "favourites" VALUES (3,1);
INSERT INTO "favourites" VALUES (3,4);
INSERT INTO "favourites" VALUES (1,10);
INSERT INTO "favourites" VALUES (1,6);
INSERT INTO "favourites" VALUES (1,7);
INSERT INTO "favourites" VALUES (2,10);
INSERT INTO "categories" VALUES (1,'Data Science');
INSERT INTO "categories" VALUES (2,'Health');
INSERT INTO "categories" VALUES (3,'Politics');
INSERT INTO "categories" VALUES (4,'Machine Learning');
INSERT INTO "categories" VALUES (5,'Javascript');
INSERT INTO "categories" VALUES (6,'Green Energy');
INSERT INTO "categories" VALUES (7,'Business');
INSERT INTO "categories" VALUES (8,'Travel');
INSERT INTO "categories" VALUES (9,'Digitalisation');
INSERT INTO "categories" VALUES (10,'Gaming');
INSERT INTO "articleCategory" VALUES (1,5);
INSERT INTO "articleCategory" VALUES (2,1);
INSERT INTO "articleCategory" VALUES (2,4);
INSERT INTO "articleCategory" VALUES (3,2);
INSERT INTO "articleCategory" VALUES (3,7);
INSERT INTO "articleCategory" VALUES (4,2);
INSERT INTO "articleCategory" VALUES (4,3);
INSERT INTO "articleCategory" VALUES (4,7);
INSERT INTO "articleCategory" VALUES (4,8);
INSERT INTO "articleCategory" VALUES (5,1);
INSERT INTO "articleCategory" VALUES (5,4);
INSERT INTO "articleCategory" VALUES (5,5);
INSERT INTO "articleCategory" VALUES (5,9);
INSERT INTO "articleCategory" VALUES (6,2);
INSERT INTO "articleCategory" VALUES (6,3);
INSERT INTO "articleCategory" VALUES (6,6);
INSERT INTO "articleCategory" VALUES (6,7);
INSERT INTO "articleCategory" VALUES (6,8);
INSERT INTO "articleCategory" VALUES (7,5);
INSERT INTO "articleCategory" VALUES (8,1);
INSERT INTO "articleCategory" VALUES (8,5);
INSERT INTO "articleCategory" VALUES (8,9);
INSERT INTO "articleCategory" VALUES (9,5);
INSERT INTO "articleCategory" VALUES (10,1);
INSERT INTO "articleCategory" VALUES (10,5);
INSERT INTO "articleCategory" VALUES (10,9);
COMMIT;

